Employee_ID,Gender,Age,Department,Experience_Level
1,Male,38,Sales,Senior
2,Non-Binary,30,Finance,Junior
3,Female,54,Finance,Senior
4,Female,41,Engineering,Mid
5,Male,34,HR,Mid
6,Male,49,Finance,Mid
7,Male,50,Sales,Junior
8,Female,34,Marketing,Senior
9,Female,56,Sales,Senior
10,Female,27,HR,Mid
11,Male,39,Sales,Mid
12,Non-Binary,26,Engineering,Mid
13,Female,46,HR,Mid
14,Male,23,Marketing,Mid
15,Male,31,Engineering,Mid
16,Male,51,HR,Mid
17,Male,26,Marketing,Mid
18,Female,54,Engineering,Mid
19,Male,22,Engineering,Junior
20,Male,39,HR,Junior
21,Female,53,Finance,Mid
22,Male,32,Engineering,Mid
23,Male,42,Engineering,Mid
24,Male,47,Marketing,Mid
25,Male,46,Sales,Mid
26,Female,43,HR,Mid
27,Male,48,HR,Junior
28,Female,34,Finance,Mid
29,Female,54,Finance,Mid
30,Male,55,HR,Senior
31,Female,56,Finance,Mid
32,Male,22,Marketing,Junior
33,Male,42,HR,Junior
34,Female,27,Finance,Junior
35,Non-Binary,49,HR,Mid
36,Female,38,Sales,Junior
37,Male,26,Engineering,Mid
38,Male,52,HR,Mid
39,Female,26,Engineering,Junior
40,Male,59,Finance,Mid
41,Male,24,Engineering,Junior
42,Male,44,HR,Mid
43,Male,58,Sales,Junior
44,Female,58,Finance,Senior
45,Male,31,HR,Junior
46,Female,31,Finance,Senior
47,Male,40,Marketing,Mid
48,Female,38,Engineering,Senior
49,Female,42,Marketing,Mid
50,Male,35,HR,Mid
51,Non-Binary,30,Sales,Mid
52,Female,22,Finance,Mid
53,Female,34,Engineering,Mid
54,Female,25,Finance,Mid
55,Female,22,HR,Mid
56,Female,53,Finance,Junior
57,Male,55,Engineering,Junior
58,Male,49,HR,Mid
59,Male,52,Finance,Mid
60,Male,29,Sales,Mid
61,Male,47,HR,Mid
62,Male,55,HR,Senior
63,Female,24,Sales,Junior
64,Male,33,Marketing,Junior
65,Male,22,Engineering,Junior
66,Female,26,Marketing,Mid
67,Male,51,Finance,Senior
68,Female,51,Sales,Junior
69,Male,38,Marketing,Mid
70,Non-Binary,44,HR,Mid
71,Female,36,Finance,Mid
72,Male,58,Finance,Mid
73,Male,42,Marketing,Junior
74,Female,35,Marketing,Mid
75,Female,23,Sales,Mid
76,Female,32,Engineering,Junior
77,Female,59,Marketing,Mid
78,Male,55,Marketing,Junior
79,Male,59,HR,Mid
80,Male,55,Finance,Mid
81,Female,39,Engineering,Mid
82,Female,51,HR,Mid
83,Male,36,Sales,Junior
84,Male,48,Sales,Mid
85,Male,55,Marketing,Junior
86,Male,59,Marketing,Junior
87,Female,54,Sales,Senior
88,Female,45,Marketing,Junior
89,Female,36,Engineering,Mid
90,Male,51,Marketing,Mid
91,Male,38,Finance,Junior
92,Female,26,Marketing,Junior
93,Female,50,HR,Junior
94,Female,25,Engineering,Senior
95,Female,31,HR,Mid
96,Male,38,HR,Junior
97,Female,31,Finance,Mid
98,Male,38,Engineering,Mid
99,Male,41,Engineering,Junior
100,Male,45,Engineering,Mid
101,Male,26,Engineering,Mid
102,Female,55,Engineering,Senior
103,Male,27,Finance,Junior
104,Female,23,Marketing,Junior
105,Female,34,HR,Junior
106,Male,32,Engineering,Mid
107,Male,44,Marketing,Junior
108,Female,37,Marketing,Mid
109,Male,52,HR,Mid
110,Male,32,Finance,Mid
111,Male,37,Sales,Mid
112,Male,29,Sales,Senior
113,Female,25,Marketing,Mid
114,Female,25,HR,Mid
115,Female,46,Sales,Junior
116,Female,24,Marketing,Senior
117,Female,53,Finance,Junior
118,Male,24,Sales,Junior
119,Female,48,Marketing,Junior
120,Female,50,Marketing,Mid
121,Female,53,Engineering,Junior
122,Female,40,Finance,Junior
123,Male,42,Engineering,Junior
124,Male,26,HR,Junior
125,Male,39,Engineering,Mid
126,Male,49,Engineering,Mid
127,Female,43,Sales,Junior
128,Female,42,Marketing,Mid
129,Male,27,Finance,Mid
130,Female,22,Engineering,Junior
131,Male,26,Finance,Junior
132,Male,33,Engineering,Senior
133,Male,47,HR,Mid
134,Male,55,Engineering,Junior
135,Female,35,Sales,Mid
136,Male,47,Marketing,Junior
137,Female,48,HR,Mid
138,Female,30,Engineering,Junior
139,Male,47,Finance,Junior
140,Non-Binary,43,HR,Junior
141,Non-Binary,51,HR,Senior
142,Male,38,Engineering,Mid
143,Male,47,HR,Junior
144,Male,57,Finance,Junior
145,Male,22,HR,Mid
146,Male,29,Finance,Junior
147,Female,56,Engineering,Junior
148,Female,36,Marketing,Senior
149,Male,43,HR,Junior
150,Male,35,Marketing,Mid
151,Female,47,Finance,Senior
152,Male,49,HR,Junior
153,Male,44,Sales,Junior
154,Male,35,Marketing,Junior
155,Non-Binary,45,HR,Senior
156,Male,23,Marketing,Senior
157,Female,47,HR,Mid
158,Female,35,Engineering,Junior
159,Male,28,Marketing,Mid
160,Female,24,Sales,Senior
161,Male,44,Sales,Mid
162,Female,39,Finance,Senior
163,Female,59,HR,Senior
164,Female,56,Marketing,Mid
165,Male,36,Finance,Mid
166,Female,46,Marketing,Junior
167,Male,58,HR,Junior
168,Male,49,Sales,Mid
169,Male,31,Engineering,Junior
170,Female,38,Sales,Senior
171,Female,43,Finance,Senior
172,Male,47,Engineering,Mid
173,Female,46,Finance,Junior
174,Male,38,HR,Junior
175,Female,34,Engineering,Junior
176,Male,41,Finance,Mid
177,Female,46,HR,Mid
178,Male,25,Sales,Senior
179,Female,31,HR,Mid
180,Male,24,Marketing,Senior
181,Male,39,HR,Senior
182,Male,57,HR,Junior
183,Female,43,Marketing,Senior
184,Female,55,Finance,Junior
185,Male,29,Finance,Junior
186,Female,40,HR,Mid
187,Female,58,Marketing,Junior
188,Female,27,Marketing,Mid
189,Female,47,Sales,Mid
190,Male,55,Finance,Mid
191,Male,27,Engineering,Junior
192,Female,58,Finance,Mid
193,Female,54,Finance,Mid
194,Female,43,Sales,Mid
195,Male,42,Engineering,Mid
196,Male,27,Sales,Junior
197,Female,27,Engineering,Mid
198,Female,25,HR,Junior
199,Female,51,Engineering,Mid
200,Female,32,Sales,Mid
201,Female,51,Finance,Mid
202,Male,52,Engineering,Mid
203,Male,45,Engineering,Senior
204,Female,30,Marketing,Senior
205,Female,24,Finance,Senior
206,Male,52,HR,Senior
207,Male,58,Sales,Junior
208,Female,57,HR,Junior
209,Male,45,Finance,Mid
210,Male,52,Engineering,Junior
211,Female,27,Engineering,Mid
212,Female,23,Finance,Junior
213,Female,41,Engineering,Mid
214,Male,49,Engineering,Mid
215,Female,32,Engineering,Mid
216,Male,25,Sales,Mid
217,Male,36,Sales,Senior
218,Female,27,Marketing,Mid
219,Female,51,HR,Senior
220,Female,59,Finance,Junior
221,Female,23,Finance,Senior
222,Female,36,Finance,Mid
223,Male,32,Marketing,Junior
224,Male,29,Sales,Junior
225,Male,47,Marketing,Mid
226,Male,26,Finance,Junior
227,Non-Binary,27,HR,Junior
228,Male,47,Engineering,Mid
229,Female,25,Sales,Mid
230,Female,40,Sales,Mid
231,Female,41,Marketing,Senior
232,Female,54,Sales,Mid
233,Female,41,Finance,Mid
234,Male,33,Finance,Junior
235,Male,22,Marketing,Mid
236,Female,47,Finance,Junior
237,Male,35,HR,Senior
238,Male,59,Marketing,Senior
239,Female,58,HR,Mid
240,Male,32,Engineering,Junior
241,Female,57,HR,Senior
242,Non-Binary,34,Engineering,Mid
243,Female,24,Engineering,Junior
244,Male,54,HR,Junior
245,Male,27,Marketing,Mid
246,Female,31,Finance,Junior
247,Male,26,Finance,Senior
248,Non-Binary,44,Engineering,Mid
249,Non-Binary,31,Engineering,Junior
250,Female,23,Marketing,Senior
251,Male,34,Sales,Junior
252,Male,23,HR,Mid
253,Female,41,Engineering,Junior
254,Male,22,Finance,Junior
255,Male,58,Marketing,Mid
256,Female,30,HR,Mid
257,Female,38,Marketing,Mid
258,Female,30,HR,Mid
259,Female,32,HR,Mid
260,Male,36,Engineering,Junior
261,Female,45,Marketing,Junior
262,Non-Binary,59,Marketing,Senior
263,Male,56,Finance,Mid
264,Female,51,Finance,Mid
265,Female,52,Engineering,Junior
266,Female,26,Engineering,Junior
267,Female,35,Sales,Mid
268,Female,32,Finance,Senior
269,Male,30,HR,Mid
270,Male,55,Marketing,Senior
271,Female,33,Engineering,Mid
272,Female,56,Marketing,Junior
273,Female,56,Marketing,Mid
274,Female,22,Sales,Junior
275,Female,43,Finance,Junior
276,Female,50,Engineering,Senior
277,Female,29,Marketing,Mid
278,Female,32,Engineering,Mid
279,Female,58,HR,Junior
280,Female,35,Sales,Junior
281,Female,51,HR,Junior
282,Male,56,Engineering,Junior
283,Male,42,Engineering,Mid
284,Male,58,Finance,Junior
285,Female,26,Marketing,Mid
286,Male,40,Marketing,Junior
287,Male,35,HR,Junior
288,Female,47,Sales,Junior
289,Male,25,Marketing,Mid
290,Female,46,Finance,Mid
291,Male,46,HR,Mid
292,Male,39,HR,Mid
293,Female,29,Finance,Mid
294,Male,35,Sales,Junior
295,Male,53,Finance,Junior
296,Female,59,Sales,Senior
297,Female,54,Finance,Mid
298,Male,44,Finance,Junior
299,Female,36,Engineering,Senior
300,Male,54,HR,Mid
301,Male,46,Finance,Junior
302,Female,38,Finance,Mid
303,Female,54,Marketing,Mid
304,Female,23,HR,Mid
305,Female,35,Marketing,Junior
306,Non-Binary,27,HR,Junior
307,Female,27,Marketing,Mid
308,Male,24,Finance,Mid
309,Female,28,Finance,Senior
310,Male,29,Engineering,Mid
311,Male,36,Marketing,Junior
312,Male,50,Sales,Mid
313,Male,54,Engineering,Junior
314,Non-Binary,51,Marketing,Mid
315,Female,48,Marketing,Mid
316,Female,57,Engineering,Junior
317,Male,50,Finance,Mid
318,Male,59,Marketing,Junior
319,Male,54,Finance,Junior
320,Male,58,Engineering,Junior
321,Female,48,Finance,Junior
322,Female,54,HR,Senior
323,Female,25,Sales,Mid
324,Male,43,Marketing,Junior
325,Non-Binary,23,Sales,Mid
326,Female,31,Finance,Junior
327,Female,26,Marketing,Senior
328,Female,31,Finance,Mid
329,Male,54,HR,Mid
330,Male,59,Engineering,Junior
331,Male,34,Marketing,Mid
332,Female,52,HR,Mid
333,Male,57,HR,Senior
334,Male,45,Marketing,Junior
335,Male,36,Finance,Junior
336,Male,50,HR,Senior
337,Female,29,Sales,Mid
338,Female,26,HR,Junior
339,Male,50,Finance,Junior
340,Male,25,Finance,Senior
341,Male,33,Sales,Junior
342,Male,23,HR,Mid
343,Male,48,Finance,Mid
344,Male,52,Marketing,Junior
345,Male,57,Engineering,Mid
346,Female,57,Engineering,Junior
347,Female,47,Engineering,Junior
348,Male,48,HR,Mid
349,Male,26,Sales,Senior
350,Female,41,Finance,Mid
351,Female,32,Marketing,Mid
352,Female,31,Marketing,Junior
353,Female,59,HR,Junior
354,Male,27,Engineering,Junior
355,Male,29,HR,Junior
356,Female,44,Sales,Junior
357,Male,47,Sales,Junior
358,Female,33,Finance,Junior
359,Female,47,Finance,Junior
360,Female,34,Sales,Mid
361,Male,39,Sales,Senior
362,Female,46,Sales,Junior
363,Male,54,HR,Senior
364,Female,33,Sales,Senior
365,Female,57,Marketing,Junior
366,Male,25,Engineering,Mid
367,Non-Binary,26,Sales,Mid
368,Female,58,Engineering,Mid
369,Male,29,HR,Junior
370,Male,49,Engineering,Mid
371,Male,52,HR,Junior
372,Male,30,Marketing,Mid
373,Male,50,HR,Mid
374,Female,35,HR,Mid
375,Male,43,Finance,Mid
376,Male,32,Sales,Mid
377,Female,44,Sales,Junior
378,Male,22,Marketing,Junior
379,Female,58,Marketing,Senior
380,Male,42,Sales,Junior
381,Male,47,Finance,Junior
382,Female,57,Sales,Junior
383,Female,44,Finance,Junior
384,Female,22,Marketing,Senior
385,Female,36,Engineering,Mid
386,Female,42,Marketing,Senior
387,Male,30,Marketing,Mid
388,Male,30,HR,Mid
389,Female,31,HR,Junior
390,Female,47,HR,Mid
391,Non-Binary,56,HR,Junior
392,Male,46,Finance,Senior
393,Male,47,Sales,Senior
394,Female,32,Engineering,Junior
395,Male,59,Marketing,Senior
396,Female,23,Finance,Senior
397,Female,28,Engineering,Mid
398,Male,39,Finance,Junior
399,Female,48,Finance,Mid
400,Female,55,Marketing,Mid
401,Male,48,Sales,Junior
402,Female,38,HR,Junior
403,Female,45,Sales,Mid
404,Female,46,Marketing,Junior
405,Male,28,Marketing,Mid
406,Female,27,Marketing,Senior
407,Male,45,Engineering,Senior
408,Male,54,Sales,Junior
409,Female,50,Sales,Senior
410,Male,43,Finance,Junior
411,Male,47,Finance,Junior
412,Non-Binary,49,Finance,Mid
413,Non-Binary,42,Marketing,Junior
414,Female,28,Sales,Junior
415,Female,38,Marketing,Mid
416,Male,41,Engineering,Junior
417,Male,41,Finance,Junior
418,Male,43,Marketing,Mid
419,Female,49,Marketing,Mid
420,Female,28,Engineering,Mid
421,Female,22,HR,Junior
422,Female,53,Sales,Mid
423,Male,34,HR,Junior
424,Male,51,Finance,Junior
425,Male,44,Marketing,Mid
426,Female,40,Engineering,Junior
427,Male,53,Engineering,Junior
428,Female,51,Sales,Mid
429,Male,50,HR,Mid
430,Male,50,Sales,Mid
431,Male,51,Marketing,Junior
432,Female,37,Sales,Junior
433,Female,40,Engineering,Junior
434,Male,39,Engineering,Junior
435,Male,22,Finance,Mid
436,Female,35,Finance,Senior
437,Male,23,Marketing,Mid
438,Female,49,HR,Mid
439,Female,51,Sales,Mid
440,Male,59,Marketing,Mid
441,Male,25,Finance,Junior
442,Non-Binary,22,Sales,Mid
443,Male,29,Finance,Mid
444,Male,50,Sales,Junior
445,Female,24,HR,Junior
446,Female,53,Marketing,Senior
447,Non-Binary,31,Sales,Junior
448,Female,31,Engineering,Junior
449,Male,40,Engineering,Mid
450,Male,55,Sales,Mid
451,Female,54,Sales,Mid
452,Female,44,Sales,Mid
453,Male,49,Engineering,Junior
454,Female,53,Engineering,Mid
455,Male,28,Sales,Junior
456,Male,50,Finance,Senior
457,Male,29,Finance,Mid
458,Male,22,HR,Junior
459,Male,24,Marketing,Junior
460,Male,45,Finance,Junior
461,Male,44,Engineering,Junior
462,Female,29,Finance,Junior
463,Female,58,HR,Mid
464,Female,24,HR,Mid
465,Non-Binary,54,Marketing,Junior
466,Male,49,Finance,Junior
467,Male,29,Engineering,Junior
468,Female,55,Engineering,Senior
469,Male,56,Sales,Junior
470,Non-Binary,53,Engineering,Mid
471,Male,45,Marketing,Senior
472,Non-Binary,35,Marketing,Mid
473,Male,53,Engineering,Senior
474,Female,37,Engineering,Junior
475,Female,25,Sales,Senior
476,Non-Binary,58,Engineering,Junior
477,Male,42,Sales,Junior
478,Female,35,Sales,Mid
479,Non-Binary,52,Engineering,Senior
480,Female,39,HR,Senior
481,Female,28,HR,Junior
482,Female,31,Sales,Junior
483,Male,28,Engineering,Senior
484,Female,54,HR,Junior
485,Female,44,Engineering,Mid
486,Female,42,Engineering,Senior
487,Male,40,Engineering,Mid
488,Male,40,Finance,Junior
489,Non-Binary,57,Engineering,Mid
490,Female,50,Finance,Junior
491,Male,39,Sales,Senior
492,Female,23,HR,Mid
493,Male,22,HR,Senior
494,Male,26,HR,Junior
495,Male,41,HR,Senior
496,Male,32,HR,Mid
497,Female,23,HR,Junior
498,Male,24,HR,Junior
499,Non-Binary,44,Sales,Mid
500,Non-Binary,33,Engineering,Mid
